Jahr,Baumart,Waldeigentum,Einschlagsursache,Einschlagsursache,Einschlagsursache,Einschlagsursache,Einschlagsursache,Einschlagsursache,,,,,,,,
,,,Wind/Sturm,Schnee/Duft,Insekten,Trockenheit,Sonstiges,Insgesamt,,,,,,,,
2006,Eiche und Roteiche,Staatswald (Bundes- und Landeswald),7,4,0,2,7,6,-,53,0,68,2,,,
2006,Eiche und Roteiche,K�rperschaftswald,5,5,0,7,5,8,-,39,9,51,9,,,
2006,Eiche und Roteiche,Privatwald,2,8,5,0,3,3,-,18,0,29,0,,,
2006,Eiche und Roteiche,Insgesamt,15,6,6,0,16,7,-,110,8,149,1,,,
2006,Buche und sonstiges Laubholz,Staatswald (Bundes- und Landeswald),64,7,5,6,13,8,-,114,8,198,9,,,
2006,Buche und sonstiges Laubholz,K�rperschaftswald,31,8,4,7,21,3,-,97,6,155,3,,,
2006,Buche und sonstiges Laubholz,Privatwald,20,5,7,6,9,0,-,78,2,115,2,,,
2006,Buche und sonstiges Laubholz,Insgesamt,116,9,17,8,44,1,-,290,6,469,4,,,
2006,Kiefer und L�rche,Staatswald (Bundes- und Landeswald),50,1,22,3,38,0,-,53,0,163,5,,,
2006,Kiefer und L�rche,K�rperschaftswald,9,6,12,6,27,4,-,37,9,87,6,,,
2006,Kiefer und L�rche,Privatwald,40,8,120,3,23,5,-,26,5,211,2,,,
2006,Kiefer und L�rche,Insgesamt,100,6,155,2,88,9,-,117,5,462,3,,,
2006,Fichte und Tanne und Douglasie und sonstiges Nadelholz,Staatswald (Bundes- und Landeswald),838,3,356,0,2638,3,-,240,3,4073,0,
2006,Fichte und Tanne und Douglasie und sonstiges Nadelholz,K�rperschaftswald,224,6,72,9,1178,6,-,93,3,1569,5,
2006,Fichte und Tanne und Douglasie und sonstiges Nadelholz,Privatwald,233,4,162,4,1055,4,-,149,9,1601,1,
2006,Fichte und Tanne und Douglasie und sonstiges Nadelholz,Insgesamt,1296,3,591,3,4872,3,-,483,7,7243,6,
2006,Insgesamt,Staatswald (Bundes- und Landeswald),960,6,384,1,2697,7,-,461,3,4503,6,,,
2006,Insgesamt,K�rperschaftswald,271,5,90,9,1233,1,-,268,7,1864,3,,,
2006,Insgesamt,Privatwald,297,4,295,3,1091,2,-,272,6,1956,5,,,
2006,Insgesamt,Insgesamt,1529,5,770,3,5022,0,-,1002,6,8324,4,,,
2007,Eiche und Roteiche,Staatswald (Bundes- und Landeswald),79,8,0,3,10,6,-,39,9,130,5,,,
2007,Eiche und Roteiche,K�rperschaftswald,44,4,0,2,7,0,-,34,4,86,1,,,
2007,Eiche und Roteiche,Privatwald,63,5,0,5,2,7,-,15,3,82,1,,,
2007,Eiche und Roteiche,Insgesamt,187,8,1,0,20,3,-,89,6,298,7,,,
2007,Buche und sonstiges Laubholz,Staatswald (Bundes- und Landeswald),746,6,2,6,10,6,-,100,4,860,2,,,
2007,Buche und sonstiges Laubholz,K�rperschaftswald,355,2,2,3,9,3,-,90,3,457,0,,,
2007,Buche und sonstiges Laubholz,Privatwald,364,4,3,5,3,4,-,63,7,435,0,,,
2007,Buche und sonstiges Laubholz,Insgesamt,1466,1,8,4,23,3,-,254,4,1752,3,,,
2007,Kiefer und L�rche,Staatswald (Bundes- und Landeswald),1662,7,14,4,35,1,-,59,4,1771,6,,,
2007,Kiefer und L�rche,K�rperschaftswald,289,2,12,9,19,6,-,31,6,353,3,,,
2007,Kiefer und L�rche,Privatwald,1291,1,48,5,16,2,-,27,2,1383,0,,,
2007,Kiefer und L�rche,Insgesamt,3243,0,75,8,70,8,-,118,2,3507,9,,,
2007,Fichte und Tanne und Douglasie und sonstiges Nadelholz,Staatswald (Bundes- und Landeswald),12075,7,44,6,1404,8,-,169,6,13694,7,
2007,Fichte und Tanne und Douglasie und sonstiges Nadelholz,K�rperschaftswald,5843,8,28,8,475,4,-,82,2,6430,2,
2007,Fichte und Tanne und Douglasie und sonstiges Nadelholz,Privatwald,8515,3,37,8,502,5,-,150,7,9206,3,
2007,Fichte und Tanne und Douglasie und sonstiges Nadelholz,Insgesamt,26434,8,111,2,2382,7,-,402,6,29331,2,
2007,Insgesamt,Staatswald (Bundes- und Landeswald),14564,7,61,9,1461,1,-,369,3,16457,1,,,
2007,Insgesamt,K�rperschaftswald,6532,5,44,2,511,2,-,238,7,7326,6,,,
2007,Insgesamt,Privatwald,10234,4,90,3,524,8,-,256,8,11106,4,,,
2007,Insgesamt,Insgesamt,31331,7,196,4,2497,1,-,864,8,34890,1,,,
2008,Eiche und Roteiche,Staatswald (Bundes- und Landeswald),38,6,0,1,10,6,-,33,3,82,6,,,
2008,Eiche und Roteiche,K�rperschaftswald,31,0,0,1,5,3,-,30,5,66,9,,,
2008,Eiche und Roteiche,Privatwald,43,4,0,1,22,6,-,17,1,83,3,,,
2008,Eiche und Roteiche,Insgesamt,113,0,0,4,38,6,-,80,8,232,7,,,
2008,Buche und sonstiges Laubholz,Staatswald (Bundes- und Landeswald),258,6,2,0,10,1,-,57,3,328,1,,,
2008,Buche und sonstiges Laubholz,K�rperschaftswald,161,7,2,5,9,4,-,85,5,258,9,,,
2008,Buche und sonstiges Laubholz,Privatwald,230,0,0,5,18,8,-,35,8,285,1,,,
2008,Buche und sonstiges Laubholz,Insgesamt,650,2,5,0,38,3,-,178,6,872,1,,,
2008,Kiefer und L�rche,Staatswald (Bundes- und Landeswald),464,8,3,9,25,2,-,44,8,538,7,,,
2008,Kiefer und L�rche,K�rperschaftswald,180,9,1,0,12,2,-,32,4,226,5,,,
2008,Kiefer und L�rche,Privatwald,520,9,8,3,71,4,-,12,6,613,1,,,
2008,Kiefer und L�rche,Insgesamt,1166,6,13,2,108,8,-,89,8,1378,4,,,
2008,Fichte und Tanne und Douglasie und sonstiges Nadelholz,Staatswald (Bundes- und Landeswald),3442,5,10,8,1726,4,-,64,0,5243,8,
2008,Fichte und Tanne und Douglasie und sonstiges Nadelholz,K�rperschaftswald,2286,0,13,2,733,6,-,43,9,3076,7,
2008,Fichte und Tanne und Douglasie und sonstiges Nadelholz,Privatwald,4808,3,12,3,1913,4,-,59,7,6793,7,
2008,Fichte und Tanne und Douglasie und sonstiges Nadelholz,Insgesamt,10536,7,36,4,4373,4,-,167,7,15114,2,
2008,Insgesamt,Staatswald (Bundes- und Landeswald),4204,5,16,9,1772,3,-,199,5,6193,1,,,
2008,Insgesamt,K�rperschaftswald,2659,5,16,7,760,5,-,192,2,3629,0,,,
2008,Insgesamt,Privatwald,5602,6,21,3,2026,3,-,125,2,7775,3,,,
2008,Insgesamt,Insgesamt,12466,5,54,9,4559,1,-,516,9,17597,4,,,
2009,Eiche und Roteiche,Staatswald (Bundes- und Landeswald),20,9,0,9,6,3,-,33,1,61,0,,,
2009,Eiche und Roteiche,K�rperschaftswald,26,9,0,4,2,2,-,34,2,63,7,,,
2009,Eiche und Roteiche,Privatwald,51,8,0,3,11,7,-,12,6,76,3,,,
2009,Eiche und Roteiche,Insgesamt,99,5,1,5,20,1,-,79,9,201,0,,,
2009,Buche und sonstiges Laubholz,Staatswald (Bundes- und Landeswald),70,6,6,4,6,8,-,44,0,127,8,,,
2009,Buche und sonstiges Laubholz,K�rperschaftswald,73,2,5,6,5,0,-,38,7,122,5,,,
2009,Buche und sonstiges Laubholz,Privatwald,142,5,1,6,13,4,-,31,4,188,9,,,
2009,Buche und sonstiges Laubholz,Insgesamt,286,2,13,6,25,2,-,114,1,439,1,,,
2009,Kiefer und L�rche,Staatswald (Bundes- und Landeswald),59,8,3,3,20,4,-,46,7,130,2,,,
2009,Kiefer und L�rche,K�rperschaftswald,39,4,2,3,10,9,-,27,1,79,8,,,
2009,Kiefer und L�rche,Privatwald,185,5,4,5,85,9,-,17,3,293,2,,,
2009,Kiefer und L�rche,Insgesamt,284,7,10,2,117,1,-,91,2,503,2,,,
2009,Fichte und Tanne und Douglasie und sonstiges Nadelholz,Staatswald (Bundes- und Landeswald),558,8,105,3,1284,4,-,65,3,2013,8,
2009,Fichte und Tanne und Douglasie und sonstiges Nadelholz,K�rperschaftswald,535,0,67,9,758,1,-,49,9,1410,8,
2009,Fichte und Tanne und Douglasie und sonstiges Nadelholz,Privatwald,1414,3,42,8,1687,6,-,61,7,3206,4,
2009,Fichte und Tanne und Douglasie und sonstiges Nadelholz,Insgesamt,2508,1,216,0,3730,0,-,176,8,6631,0,
2009,Insgesamt,Staatswald (Bundes- und Landeswald),710,1,115,9,1317,8,-,189,2,2332,9,,,
2009,Insgesamt,K�rperschaftswald,674,5,76,2,776,2,-,149,9,1676,7,,,
2009,Insgesamt,Privatwald,1794,1,49,3,1798,5,-,123,0,3764,8,,,
2009,Insgesamt,Insgesamt,3178,6,241,4,3892,4,-,462,1,7774,4,,,
2010,Eiche und Roteiche,Staatswald (Bundes- und Landeswald),26,2,1,1,5,3,-,21,0,53,5,,,
2010,Eiche und Roteiche,K�rperschaftswald,34,6,0,8,1,2,-,14,5,51,2,,,
2010,Eiche und Roteiche,Privatwald,29,0,0,3,2,5,-,11,1,42,9,,,
2010,Eiche und Roteiche,Insgesamt,89,9,2,3,9,0,-,46,5,147,6,,,
2010,Buche und sonstiges Laubholz,Staatswald (Bundes- und Landeswald),193,9,11,3,6,3,-,64,7,276,2,,,
2010,Buche und sonstiges Laubholz,K�rperschaftswald,160,4,2,4,4,0,-,57,1,223,9,,,
2010,Buche und sonstiges Laubholz,Privatwald,134,4,4,2,13,0,-,34,0,185,6,,,
2010,Buche und sonstiges Laubholz,Insgesamt,488,7,17,9,23,3,-,155,8,685,7,,,
2010,Kiefer und L�rche,Staatswald (Bundes- und Landeswald),273,3,235,7,16,0,-,61,0,586,0,,,
2010,Kiefer und L�rche,K�rperschaftswald,177,2,50,5,5,5,-,28,7,261,8,,,
2010,Kiefer und L�rche,Privatwald,397,4,203,5,69,7,-,35,3,705,9,,,
2010,Kiefer und L�rche,Insgesamt,847,9,489,6,91,2,-,124,9,1553,7,,,
2010,Fichte und Tanne und Douglasie und sonstiges Nadelholz,Staatswald (Bundes- und Landeswald),1981,1,204,1,383,4,-,62,6,2631,1,
2010,Fichte und Tanne und Douglasie und sonstiges Nadelholz,K�rperschaftswald,3098,4,29,1,193,5,-,57,8,3378,9,
2010,Fichte und Tanne und Douglasie und sonstiges Nadelholz,Privatwald,1234,7,100,1,787,1,-,191,2,2313,1,
2010,Fichte und Tanne und Douglasie und sonstiges Nadelholz,Insgesamt,6314,3,333,3,1364,0,-,311,6,8323,1,
2010,Insgesamt,Staatswald (Bundes- und Landeswald),2474,5,452,2,411,0,-,209,1,3546,8,,,
2010,Insgesamt,K�rperschaftswald,3470,7,82,8,204,1,-,158,2,3915,8,,,
2010,Insgesamt,Privatwald,1795,6,308,1,872,3,-,271,6,3247,5,,,
2010,Insgesamt,Insgesamt,7740,8,843,1,1487,4,-,638,7,10710,1,,,
2011,Eiche und Roteiche,Staatswald (Bundes- und Landeswald),18,0,0,9,9,4,-,26,8,55,0,,,
2011,Eiche und Roteiche,K�rperschaftswald,38,9,0,6,10,9,-,19,9,70,3,,,
2011,Eiche und Roteiche,Privatwald,39,2,7,1,8,1,-,15,5,70,0,,,
2011,Eiche und Roteiche,Insgesamt,96,0,8,6,28,4,-,62,2,195,3,,,
2011,Buche und sonstiges Laubholz,Staatswald (Bundes- und Landeswald),87,0,10,3,6,1,-,70,8,174,1,,,
2011,Buche und sonstiges Laubholz,K�rperschaftswald,90,3,4,8,4,0,-,71,0,170,2,,,
2011,Buche und sonstiges Laubholz,Privatwald,96,6,16,2,9,3,-,46,5,168,6,,,
2011,Buche und sonstiges Laubholz,Insgesamt,273,9,31,3,19,4,-,188,3,512,9,,,
2011,Kiefer und L�rche,Staatswald (Bundes- und Landeswald),78,0,278,5,12,3,-,67,9,436,6,,,
2011,Kiefer und L�rche,K�rperschaftswald,48,1,37,6,8,0,-,23,4,117,1,,,
2011,Kiefer und L�rche,Privatwald,70,6,861,5,24,7,-,42,9,999,6,,,
2011,Kiefer und L�rche,Insgesamt,196,6,1177,6,45,0,-,134,0,1553,3,,,
2011,Fichte und Tanne und Douglasie und sonstiges Nadelholz,Staatswald (Bundes- und Landeswald),458,7,600,7,344,2,-,68,3,1471,9,
2011,Fichte und Tanne und Douglasie und sonstiges Nadelholz,K�rperschaftswald,487,8,119,5,398,9,-,58,1,1064,2,
2011,Fichte und Tanne und Douglasie und sonstiges Nadelholz,Privatwald,482,9,722,9,358,3,-,120,7,1684,8,
2011,Fichte und Tanne und Douglasie und sonstiges Nadelholz,Insgesamt,1429,4,1443,1,1101,4,-,247,1,4221,0,
2011,Insgesamt,Staatswald (Bundes- und Landeswald),641,6,890,4,372,0,-,233,6,2137,7,,,
2011,Insgesamt,K�rperschaftswald,665,1,162,6,421,8,-,172,4,1421,9,,,
2011,Insgesamt,Privatwald,689,3,1607,7,400,4,-,225,7,2923,0,,,
2011,Insgesamt,Insgesamt,1996,0,2660,7,1194,2,-,631,6,6482,5,,,
2012,Eiche und Roteiche,Staatswald (Bundes- und Landeswald),14,5,0,6,15,4,-,43,3,73,8,,,
2012,Eiche und Roteiche,K�rperschaftswald,20,0,0,3,7,6,-,20,1,48,0,,,
2012,Eiche und Roteiche,Privatwald,25,5,3,8,10,3,-,27,2,66,8,,,
2012,Eiche und Roteiche,Insgesamt,59,9,4,7,33,4,-,90,5,188,6,,,
2012,Buche und sonstiges Laubholz,Staatswald (Bundes- und Landeswald),79,9,6,7,4,9,-,94,6,186,2,,,
2012,Buche und sonstiges Laubholz,K�rperschaftswald,51,6,2,2,2,6,-,88,8,145,2,,,
2012,Buche und sonstiges Laubholz,Privatwald,146,0,22,9,6,4,-,139,1,314,4,,,
2012,Buche und sonstiges Laubholz,Insgesamt,277,6,31,9,13,9,-,322,5,645,7,,,
2012,Kiefer und L�rche,Staatswald (Bundes- und Landeswald),75,1,106,7,11,4,-,78,9,272,1,,,
2012,Kiefer und L�rche,K�rperschaftswald,31,5,21,9,5,6,-,21,9,81,0,,,
2012,Kiefer und L�rche,Privatwald,91,0,304,6,26,0,-,42,6,464,2,,,
2012,Kiefer und L�rche,Insgesamt,197,7,433,2,43,0,-,143,4,817,3,,,
2012,Fichte und Tanne und Douglasie und sonstiges Nadelholz,Staatswald (Bundes- und Landeswald),724,8,69,0,239,4,-,103,7,1137,0,
2012,Fichte und Tanne und Douglasie und sonstiges Nadelholz,K�rperschaftswald,450,7,15,7,214,0,-,54,6,735,0,
2012,Fichte und Tanne und Douglasie und sonstiges Nadelholz,Privatwald,730,7,189,2,325,8,-,120,7,1366,4,
2012,Fichte und Tanne und Douglasie und sonstiges Nadelholz,Insgesamt,1906,2,273,9,779,3,-,279,0,3238,4,
2012,Insgesamt,Staatswald (Bundes- und Landeswald),894,4,183,1,271,2,-,320,4,1669,1,,,
2012,Insgesamt,K�rperschaftswald,553,8,40,1,229,9,-,185,3,1009,1,,,
2012,Insgesamt,Privatwald,993,3,520,5,368,5,-,329,5,2211,8,,,
2012,Insgesamt,Insgesamt,2441,4,743,7,869,6,-,835,3,4890,0,,,
2013,Eiche und Roteiche,Staatswald (Bundes- und Landeswald),20,9,1,8,11,8,-,34,6,69,1,,,
2013,Eiche und Roteiche,K�rperschaftswald,14,8,0,8,6,9,-,19,0,41,5,,,
2013,Eiche und Roteiche,Privatwald,27,6,1,8,18,6,-,44,9,92,9,,,
2013,Eiche und Roteiche,Insgesamt,63,4,4,4,37,3,-,98,5,203,5,,,
2013,Buche und sonstiges Laubholz,Staatswald (Bundes- und Landeswald),106,6,22,0,6,6,-,85,7,221,0,,,
2013,Buche und sonstiges Laubholz,K�rperschaftswald,94,3,4,8,3,2,-,99,7,202,0,,,
2013,Buche und sonstiges Laubholz,Privatwald,140,5,26,8,14,6,-,159,6,341,4,,,
2013,Buche und sonstiges Laubholz,Insgesamt,341,4,53,6,24,4,-,345,1,764,4,,,
2013,Kiefer und L�rche,Staatswald (Bundes- und Landeswald),335,0,216,1,11,4,-,86,4,648,9,,,
2013,Kiefer und L�rche,K�rperschaftswald,41,3,22,8,6,1,-,21,2,91,4,,,
2013,Kiefer und L�rche,Privatwald,247,1,251,9,26,0,-,31,3,556,3,,,
2013,Kiefer und L�rche,Insgesamt,623,4,490,8,43,4,-,139,0,1296,6,,,
2013,Fichte und Tanne und Douglasie und sonstiges Nadelholz,Staatswald (Bundes- und Landeswald),515,6,313,2,570,3,-,86,7,1485,9,
2013,Fichte und Tanne und Douglasie und sonstiges Nadelholz,K�rperschaftswald,229,8,74,9,271,3,-,63,6,639,6,
2013,Fichte und Tanne und Douglasie und sonstiges Nadelholz,Privatwald,510,5,227,3,757,4,-,137,3,1632,4,
2013,Fichte und Tanne und Douglasie und sonstiges Nadelholz,Insgesamt,1255,9,615,4,1599,0,-,287,6,3757,9,
2013,Insgesamt,Staatswald (Bundes- und Landeswald),978,2,553,1,600,1,-,293,5,2424,9,,,
2013,Insgesamt,K�rperschaftswald,380,2,103,3,287,4,-,203,6,974,6,,,
2013,Insgesamt,Privatwald,925,6,507,7,816,6,-,373,0,2623,0,,,
2013,Insgesamt,Insgesamt,2284,0,1164,1,1704,1,-,870,2,6022,4,,,
2014,Eiche und Roteiche,Staatswald (Bundes- und Landeswald),14,8,0,4,11,2,-,37,8,64,2,,,
2014,Eiche und Roteiche,K�rperschaftswald,20,4,0,2,5,6,-,21,2,47,5,,,
2014,Eiche und Roteiche,Privatwald,34,9,1,7,12,4,-,27,9,76,9,,,
2014,Eiche und Roteiche,Insgesamt,70,1,2,3,29,3,-,86,9,188,6,,,
2014,Buche und sonstiges Laubholz,Staatswald (Bundes- und Landeswald),77,4,4,5,6,9,-,102,9,191,6,,,
2014,Buche und sonstiges Laubholz,K�rperschaftswald,86,4,2,2,6,0,-,132,2,226,7,,,
2014,Buche und sonstiges Laubholz,Privatwald,103,7,20,5,20,8,-,127,6,272,4,,,
2014,Buche und sonstiges Laubholz,Insgesamt,267,5,27,1,33,7,-,362,5,690,8,,,
2014,Kiefer und L�rche,Staatswald (Bundes- und Landeswald),200,1,33,2,14,5,-,71,7,319,5,,,
2014,Kiefer und L�rche,K�rperschaftswald,85,8,5,3,7,7,-,37,5,136,3,,,
2014,Kiefer und L�rche,Privatwald,294,4,50,4,31,6,-,38,1,414,5,,,
2014,Kiefer und L�rche,Insgesamt,580,3,88,8,53,8,-,147,3,870,3,,,
2014,Fichte und Tanne und Douglasie und sonstiges Nadelholz,Staatswald (Bundes- und Landeswald),579,1,43,9,624,4,-,80,6,1328,1,
2014,Fichte und Tanne und Douglasie und sonstiges Nadelholz,K�rperschaftswald,288,2,14,9,257,9,-,69,6,630,6,
2014,Fichte und Tanne und Douglasie und sonstiges Nadelholz,Privatwald,805,3,53,0,753,2,-,137,5,1749,1,
2014,Fichte und Tanne und Douglasie und sonstiges Nadelholz,Insgesamt,1672,7,111,8,1635,5,-,287,8,3707,7,
2014,Insgesamt,Staatswald (Bundes- und Landeswald),871,4,81,9,657,0,-,293,0,1903,3,,,
2014,Insgesamt,K�rperschaftswald,480,8,22,6,277,2,-,260,5,1041,1,,,
2014,Insgesamt,Privatwald,1238,3,125,6,818,1,-,331,0,2512,9,,,
2014,Insgesamt,Insgesamt,2590,5,230,1,1752,3,-,884,5,5457,4,,,
2015,Eiche und Roteiche,Staatswald (Bundes- und Landeswald),20,6,0,5,8,8,-,27,6,57,3,,,
2015,Eiche und Roteiche,K�rperschaftswald,27,4,0,6,3,9,-,21,3,53,2,,,
2015,Eiche und Roteiche,Privatwald,44,9,2,9,13,9,-,25,4,87,1,,,
2015,Eiche und Roteiche,Insgesamt,92,9,3,9,26,5,-,74,2,197,6,,,
2015,Buche und sonstiges Laubholz,Staatswald (Bundes- und Landeswald),118,8,6,4,7,0,-,132,9,264,9,,,
2015,Buche und sonstiges Laubholz,K�rperschaftswald,99,3,7,1,6,7,-,216,9,330,0,,,
2015,Buche und sonstiges Laubholz,Privatwald,222,3,12,1,16,9,-,71,5,322,8,,,
2015,Buche und sonstiges Laubholz,Insgesamt,440,4,25,6,30,5,-,421,2,917,7,,,
2015,Kiefer und L�rche,Staatswald (Bundes- und Landeswald),339,6,13,7,10,5,-,65,5,429,4,,,
2015,Kiefer und L�rche,K�rperschaftswald,122,1,5,9,10,7,-,31,0,169,8,,,
2015,Kiefer und L�rche,Privatwald,671,1,19,8,91,5,-,40,5,822,8,,,
2015,Kiefer und L�rche,Insgesamt,1132,8,39,4,112,7,-,137,0,1422,0,,,
2015,Fichte und Tanne und Douglasie und sonstiges Nadelholz,Staatswald (Bundes- und Landeswald),2839,8,71,2,789,7,-,81,3,3781,9,
2015,Fichte und Tanne und Douglasie und sonstiges Nadelholz,K�rperschaftswald,1196,3,46,9,396,9,-,60,9,1701,0,
2015,Fichte und Tanne und Douglasie und sonstiges Nadelholz,Privatwald,2647,7,124,8,1992,0,-,95,4,4859,8,
2015,Fichte und Tanne und Douglasie und sonstiges Nadelholz,Insgesamt,6683,8,242,8,3178,5,-,237,6,10342,7,
2015,Insgesamt,Staatswald (Bundes- und Landeswald),3318,8,91,7,815,9,-,307,2,4533,6,,,
2015,Insgesamt,K�rperschaftswald,1445,2,60,5,418,1,-,330,3,2254,0,,,
2015,Insgesamt,Privatwald,3586,0,159,5,2114,3,-,232,7,6092,4,,,
2015,Insgesamt,Insgesamt,8349,9,311,7,3348,3,-,870,1,12880,0,,,
2016,Eiche und Roteiche,Staatswald (Bundes- und Landeswald),14,0,0,2,7,9,-,22,4,44,5,,,
2016,Eiche und Roteiche,K�rperschaftswald,8,4,0,7,4,7,-,24,7,38,5,,,
2016,Eiche und Roteiche,Privatwald,17,2,0,4,14,7,-,23,2,55,5,,,
2016,Eiche und Roteiche,Insgesamt,39,6,1,4,27,3,-,70,2,138,4,,,
2016,Buche und sonstiges Laubholz,Staatswald (Bundes- und Landeswald),42,7,1,1,9,6,-,150,7,204,0,,,
2016,Buche und sonstiges Laubholz,K�rperschaftswald,42,3,2,2,13,5,-,237,5,295,5,,,
2016,Buche und sonstiges Laubholz,Privatwald,77,5,3,8,24,8,-,150,3,256,5,,,
2016,Buche und sonstiges Laubholz,Insgesamt,162,6,7,1,47,9,-,538,4,756,0,,,
2016,Kiefer und L�rche,Staatswald (Bundes- und Landeswald),104,6,8,0,21,8,-,112,9,247,2,,,
2016,Kiefer und L�rche,K�rperschaftswald,25,4,6,4,20,8,-,45,0,97,6,,,
2016,Kiefer und L�rche,Privatwald,130,9,6,3,110,5,-,39,3,286,9,,,
2016,Kiefer und L�rche,Insgesamt,260,9,20,7,153,1,-,197,1,631,8,,,
2016,Fichte und Tanne und Douglasie und sonstiges Nadelholz,Staatswald (Bundes- und Landeswald),447,3,27,0,1228,0,-,128,1,1830,4,
2016,Fichte und Tanne und Douglasie und sonstiges Nadelholz,K�rperschaftswald,264,0,15,1,656,8,-,84,2,1020,2,
2016,Fichte und Tanne und Douglasie und sonstiges Nadelholz,Privatwald,648,0,25,5,2554,6,-,174,9,3403,1,
2016,Fichte und Tanne und Douglasie und sonstiges Nadelholz,Insgesamt,1359,3,67,7,4439,4,-,387,2,6253,7,
2016,Insgesamt,Staatswald (Bundes- und Landeswald),608,6,36,3,1267,4,-,413,9,2326,2,,,
2016,Insgesamt,K�rperschaftswald,340,2,24,5,695,8,-,391,2,1451,8,,,
2016,Insgesamt,Privatwald,873,6,36,1,2704,6,-,387,7,4002,0,,,
2016,Insgesamt,Insgesamt,1822,4,96,8,4667,8,-,1192,9,7779,9,,,
2017,Eiche und Roteiche,Staatswald (Bundes- und Landeswald),27,3,0,2,4,6,-,24,6,56,7,,,
2017,Eiche und Roteiche,K�rperschaftswald,19,0,0,2,2,2,-,23,9,45,3,,,
2017,Eiche und Roteiche,Privatwald,47,5,0,1,14,4,-,23,5,85,5,,,
2017,Eiche und Roteiche,Insgesamt,93,8,0,5,21,2,-,72,0,187,5,,,
2017,Buche und sonstiges Laubholz,Staatswald (Bundes- und Landeswald),80,5,2,3,8,3,-,157,1,248,2,,,
2017,Buche und sonstiges Laubholz,K�rperschaftswald,53,7,1,3,14,0,-,258,4,327,4,,,
2017,Buche und sonstiges Laubholz,Privatwald,211,0,3,0,31,2,-,275,6,520,8,,,
2017,Buche und sonstiges Laubholz,Insgesamt,345,2,6,6,53,5,-,691,1,1096,4,,,
2017,Kiefer und L�rche,Staatswald (Bundes- und Landeswald),297,3,5,9,23,6,-,112,6,439,4,,,
2017,Kiefer und L�rche,K�rperschaftswald,68,3,2,8,18,1,-,75,2,164,3,,,
2017,Kiefer und L�rche,Privatwald,610,9,6,3,294,5,-,182,5,1094,1,,,
2017,Kiefer und L�rche,Insgesamt,976,4,14,9,336,2,-,370,3,1697,9,,,
2017,Fichte und Tanne und Douglasie und sonstiges Nadelholz,Staatswald (Bundes- und Landeswald),723,9,10,0,1637,6,-,86,8,2458,4,
2017,Fichte und Tanne und Douglasie und sonstiges Nadelholz,K�rperschaftswald,377,4,9,0,831,3,-,88,4,1306,0,
2017,Fichte und Tanne und Douglasie und sonstiges Nadelholz,Privatwald,2137,7,34,8,3123,4,-,222,3,5518,1,
2017,Fichte und Tanne und Douglasie und sonstiges Nadelholz,Insgesamt,3239,0,53,8,5592,2,-,397,5,9282,6,
2017,Insgesamt,Staatswald (Bundes- und Landeswald),1129,0,18,4,1674,2,-,381,2,3202,8,,,
2017,Insgesamt,K�rperschaftswald,518,3,13,2,865,5,-,445,9,1843,0,,,
2017,Insgesamt,Privatwald,3007,0,44,2,3463,5,-,703,9,7218,6,,,
2017,Insgesamt,Insgesamt,4654,4,75,8,6003,2,-,1531,0,12264,4,,,
2018,Eiche und Roteiche,Staatswald (Bundes- und Landeswald),174,2,0,0,2,9,-,13,7,190,8,,,
2018,Eiche und Roteiche,K�rperschaftswald,78,1,0,1,2,4,-,22,8,103,3,,,
2018,Eiche und Roteiche,Privatwald,173,7,0,4,6,5,-,40,4,221,0,,,
2018,Eiche und Roteiche,Insgesamt,425,9,0,5,11,8,-,76,8,515,1,,,
2018,Buche und sonstiges Laubholz,Staatswald (Bundes- und Landeswald),457,0,0,8,14,6,-,209,0,681,5,,,
2018,Buche und sonstiges Laubholz,K�rperschaftswald,241,9,1,2,17,0,-,307,9,568,1,,,
2018,Buche und sonstiges Laubholz,Privatwald,450,7,8,9,59,7,-,331,6,850,9,,,
2018,Buche und sonstiges Laubholz,Insgesamt,1149,7,10,9,91,3,-,848,5,2100,4,,,
2018,Kiefer und L�rche,Staatswald (Bundes- und Landeswald),1609,0,3,0,99,2,-,80,0,1791,2,,,
2018,Kiefer und L�rche,K�rperschaftswald,326,2,3,2,28,4,-,61,7,419,6,,,
2018,Kiefer und L�rche,Privatwald,2206,5,15,3,312,2,-,286,5,2820,6,,,
2018,Kiefer und L�rche,Insgesamt,4141,8,21,5,439,8,-,428,2,5031,4,,,
2018,Fichte und Tanne und Douglasie und sonstiges Nadelholz,Staatswald (Bundes- und Landeswald),6101,8,22,6,3668,6,-,108,4,9901,4,
2018,Fichte und Tanne und Douglasie und sonstiges Nadelholz,K�rperschaftswald,2594,5,13,3,1972,3,-,112,3,4692,5,
2018,Fichte und Tanne und Douglasie und sonstiges Nadelholz,Privatwald,4083,1,80,1,5140,0,-,389,6,9692,9,
2018,Fichte und Tanne und Douglasie und sonstiges Nadelholz,Insgesamt,12779,5,116,1,10781,0,-,610,3,24286,8,
2018,Insgesamt,Staatswald (Bundes- und Landeswald),8342,1,26,4,3785,4,-,411,0,12564,9,,,
2018,Insgesamt,K�rperschaftswald,3240,8,17,9,2020,1,-,504,7,5783,5,,,
2018,Insgesamt,Privatwald,6914,0,104,7,5518,5,-,1048,1,13585,3,,,
2018,Insgesamt,Insgesamt,18496,9,149,0,11324,0,-,1963,9,31933,7,,,
2019,Eiche und Roteiche,Staatswald (Bundes- und Landeswald),70,3,1,3,10,4,-,34,1,116,0,,,
2019,Eiche und Roteiche,K�rperschaftswald,34,1,0,2,4,7,-,37,6,76,6,,,
2019,Eiche und Roteiche,Privatwald,58,1,4,6,24,3,-,54,2,141,3,,,
2019,Eiche und Roteiche,Insgesamt,162,4,6,1,39,4,-,126,0,333,9,,,
2019,Buche und sonstiges Laubholz,Staatswald (Bundes- und Landeswald),204,3,11,2,41,7,-,558,1,815,3,,,
2019,Buche und sonstiges Laubholz,K�rperschaftswald,99,6,11,2,38,6,-,523,1,672,6,,,
2019,Buche und sonstiges Laubholz,Privatwald,168,8,67,3,83,3,-,720,0,1039,5,,,
2019,Buche und sonstiges Laubholz,Insgesamt,472,7,89,6,163,6,-,1801,4,2527,4,,,
2019,Kiefer und L�rche,Staatswald (Bundes- und Landeswald),448,9,27,0,566,2,-,405,1,1447,2,,,
2019,Kiefer und L�rche,K�rperschaftswald,127,8,17,3,135,1,-,220,1,500,4,,,
2019,Kiefer und L�rche,Privatwald,451,0,128,7,528,3,-,699,0,1807,1,,,
2019,Kiefer und L�rche,Insgesamt,1027,8,173,0,1229,7,-,1324,2,3754,7,,,
2019,Fichte und Tanne und Douglasie und sonstiges Nadelholz,Staatswald (Bundes- und Landeswald),2422,9,778,1,10551,0,-,484,7,14236,8,
2019,Fichte und Tanne und Douglasie und sonstiges Nadelholz,K�rperschaftswald,988,3,236,9,6206,4,-,416,4,7848,1,
2019,Fichte und Tanne und Douglasie und sonstiges Nadelholz,Privatwald,1508,0,1181,4,13512,2,-,1338,9,17540,5,
2019,Fichte und Tanne und Douglasie und sonstiges Nadelholz,Insgesamt,4919,2,2196,4,30269,7,-,2240,1,39625,4,
2019,Insgesamt,Staatswald (Bundes- und Landeswald),3146,4,817,5,11169,4,-,1482,1,16615,4,,,
2019,Insgesamt,K�rperschaftswald,1249,8,265,7,6384,9,-,1197,4,9097,7,,,
2019,Insgesamt,Privatwald,2186,0,1382,0,14148,1,-,2812,3,20528,3,,,
2019,Insgesamt,Insgesamt,6582,1,2465,2,31702,4,-,5491,7,46241,3,,,
2020,Eiche und Roteiche,Staatswald (Bundes- und Landeswald),24,8,0,0,26,4,35,3,49,9,136,4,,
2020,Eiche und Roteiche,K�rperschaftswald,22,7,0,7,7,9,15,9,39,2,86,4,,
2020,Eiche und Roteiche,Privatwald,28,0,0,5,19,7,55,8,26,9,130,9,,
2020,Eiche und Roteiche,Insgesamt,75,4,1,2,54,0,107,1,116,0,353,7,,
2020,Buche und sonstiges Laubholz,Staatswald (Bundes- und Landeswald),145,9,1,8,42,5,284,4,464,7,939,3,,
2020,Buche und sonstiges Laubholz,K�rperschaftswald,153,8,1,6,39,4,122,0,645,5,962,3,,
2020,Buche und sonstiges Laubholz,Privatwald,254,7,7,7,86,8,406,9,522,6,1278,8,,
2020,Buche und sonstiges Laubholz,Insgesamt,554,5,11,1,168,8,813,3,1632,8,3180,4,,
2020,Kiefer und L�rche,Staatswald (Bundes- und Landeswald),184,6,4,1,492,9,152,1,210,1,1043,8,,
2020,Kiefer und L�rche,K�rperschaftswald,112,1,3,9,122,4,76,3,117,2,432,0,,
2020,Kiefer und L�rche,Privatwald,254,9,18,5,616,8,667,7,110,7,1668,5,,
2020,Kiefer und L�rche,Insgesamt,551,6,26,5,1232,1,896,1,438,0,3144,3,,
2020,Fichte und Tanne und Douglasie und sonstiges Nadelholz,Staatswald (Bundes- und Landeswald),3128,2,98,1,13761,6,327,4,420,1,17735,5
2020,Fichte und Tanne und Douglasie und sonstiges Nadelholz,K�rperschaftswald,1885,5,13,3,8750,9,212,5,284,9,11147,0
2020,Fichte und Tanne und Douglasie und sonstiges Nadelholz,Privatwald,3968,5,115,6,19328,0,782,6,371,7,24566,5
2020,Fichte und Tanne und Douglasie und sonstiges Nadelholz,Insgesamt,8982,3,227,0,41840,5,1322,6,1076,6,53448,9
2020,Insgesamt,Staatswald (Bundes- und Landeswald),3483,5,104,0,14323,4,799,3,1144,8,19855,0,,
2020,Insgesamt,K�rperschaftswald,2174,1,19,5,8920,6,426,8,1086,8,12627,8,,
2020,Insgesamt,Privatwald,4506,2,142,2,20051,3,1913,0,1031,9,27644,6,,
2020,Insgesamt,Insgesamt,10163,8,265,8,43295,3,3139,1,3263,5,60127,4,,
2021,Eiche und Roteiche,Staatswald (Bundes- und Landeswald),8,1,0,3,22,8,42,0,44,4,117,6,,
2021,Eiche und Roteiche,K�rperschaftswald,9,1,0,5,62,8,33,7,32,0,138,1,,
2021,Eiche und Roteiche,Privatwald,51,3,1,0,28,0,138,9,47,7,267,0,,
2021,Eiche und Roteiche,Insgesamt,68,5,1,7,113,7,214,6,124,1,522,7,,
2021,Buche und sonstiges Laubholz,Staatswald (Bundes- und Landeswald),39,9,4,7,26,7,189,4,351,5,612,2,,
2021,Buche und sonstiges Laubholz,K�rperschaftswald,61,0,12,6,45,1,359,9,415,3,893,8,,
2021,Buche und sonstiges Laubholz,Privatwald,189,2,23,3,84,1,638,8,349,9,1285,4,,
2021,Buche und sonstiges Laubholz,Insgesamt,290,1,40,6,155,9,1188,1,1116,7,2791,4,,
2021,Kiefer und L�rche,Staatswald (Bundes- und Landeswald),33,7,3,6,342,7,135,1,179,4,694,4,,
2021,Kiefer und L�rche,K�rperschaftswald,75,5,3,1,177,6,107,8,100,2,464,3,,
2021,Kiefer und L�rche,Privatwald,155,5,29,0,873,0,602,8,160,6,1820,8,,
2021,Kiefer und L�rche,Insgesamt,264,7,35,7,1393,3,845,7,440,2,2979,5,,
2021,Fichte und Tanne und Douglasie und sonstiges Nadelholz,Staatswald (Bundes- und Landeswald),387,6,157,7,9214,3,125,6,268,6,10153,8
2021,Fichte und Tanne und Douglasie und sonstiges Nadelholz,K�rperschaftswald,230,4,206,9,8138,6,345,5,77,5,8998,9
2021,Fichte und Tanne und Douglasie und sonstiges Nadelholz,Privatwald,1083,6,364,0,22065,6,1248,1,282,6,25043,9
2021,Fichte und Tanne und Douglasie und sonstiges Nadelholz,Insgesamt,1701,6,728,6,39418,5,1719,2,628,7,44196,6
2021,Insgesamt,Staatswald (Bundes- und Landeswald),469,3,166,3,9606,5,492,1,843,8,11578,0,,
2021,Insgesamt,K�rperschaftswald,375,9,223,1,8424,1,846,9,625,1,10495,1,,
2021,Insgesamt,Privatwald,1479,6,417,3,23050,8,2628,7,840,8,28417,1,,
2021,Insgesamt,Insgesamt,2324,9,806,6,41081,4,3967,6,2309,7,50490,2,,
2022,Eiche und Roteiche,Staatswald (Bundes- und Landeswald),49,4,0,6,19,5,42,9,33,5,145,8,,
2022,Eiche und Roteiche,K�rperschaftswald,28,1,0,5,11,7,38,0,27,6,106,0,,
2022,Eiche und Roteiche,Privatwald,104,3,1,2,51,5,94,5,25,6,277,0,,
2022,Eiche und Roteiche,Insgesamt,181,8,2,3,82,7,175,4,86,7,528,9,,
2022,Buche und sonstiges Laubholz,Staatswald (Bundes- und Landeswald),237,0,6,8,23,2,178,7,277,9,723,6,,
2022,Buche und sonstiges Laubholz,K�rperschaftswald,167,7,6,6,43,2,345,4,423,5,986,4,,
2022,Buche und sonstiges Laubholz,Privatwald,424,8,7,5,104,2,629,0,435,4,1600,8,,
2022,Buche und sonstiges Laubholz,Insgesamt,829,5,21,0,170,5,1153,1,1136,8,3310,8,,
2022,Kiefer und L�rche,Staatswald (Bundes- und Landeswald),1110,7,8,5,159,7,132,8,117,1,1528,8,,
2022,Kiefer und L�rche,K�rperschaftswald,246,9,4,1,106,7,127,7,95,4,580,8,,
2022,Kiefer und L�rche,Privatwald,2005,3,16,7,573,2,554,0,146,5,3295,6,,
2022,Kiefer und L�rche,Insgesamt,3362,9,29,3,839,5,814,5,358,9,5405,1,,
2022,Fichte und Tanne und Douglasie und sonstiges Nadelholz,Staatswald (Bundes- und Landeswald),3422,5,34,9,6783,2,191,0,58,0,10489,6
2022,Fichte und Tanne und Douglasie und sonstiges Nadelholz,K�rperschaftswald,1128,3,78,7,4372,3,242,3,54,6,5876,2
2022,Fichte und Tanne und Douglasie und sonstiges Nadelholz,Privatwald,3476,8,98,3,14304,4,1033,8,130,1,19043,4
2022,Fichte und Tanne und Douglasie und sonstiges Nadelholz,Insgesamt,8027,6,211,9,25460,0,1467,0,242,6,35409,1
2022,Insgesamt,Staatswald (Bundes- und Landeswald),4819,5,50,9,6985,6,545,4,486,4,12887,8,,
2022,Insgesamt,K�rperschaftswald,1571,1,89,9,4533,9,753,3,601,2,7549,4,,
2022,Insgesamt,Privatwald,6011,1,123,6,15033,2,2311,3,737,5,24216,8,,
2022,Insgesamt,Insgesamt,12401,7,264,5,26552,7,3609,9,1825,1,44653,9,,
2023,Eiche und Roteiche,Staatswald (Bundes- und Landeswald),17,0,0,6,36,0,41,1,49,5,144,2,,
2023,Eiche und Roteiche,K�rperschaftswald,19,5,0,3,26,4,41,5,30,5,118,2,,
2023,Eiche und Roteiche,Privatwald,85,9,3,4,60,4,108,9,29,7,288,3,,
2023,Eiche und Roteiche,Insgesamt,122,3,4,4,122,7,191,5,109,7,550,7,,
2023,Buche und sonstiges Laubholz,Staatswald (Bundes- und Landeswald),94,1,2,8,37,5,288,9,221,7,645,0,,
2023,Buche und sonstiges Laubholz,K�rperschaftswald,117,6,6,3,42,4,419,1,422,6,1008,0,,
2023,Buche und sonstiges Laubholz,Privatwald,507,7,79,5,144,6,647,0,542,7,1921,5,,
2023,Buche und sonstiges Laubholz,Insgesamt,719,4,88,6,224,5,1355,1,1187,0,3574,5,,
2023,Kiefer und L�rche,Staatswald (Bundes- und Landeswald),132,5,5,6,236,8,159,2,224,4,758,4,,
2023,Kiefer und L�rche,K�rperschaftswald,69,6,8,5,113,9,136,5,98,3,426,9,,
2023,Kiefer und L�rche,Privatwald,655,7,165,9,622,9,464,8,121,4,2030,7,,
2023,Kiefer und L�rche,Insgesamt,857,9,180,0,973,6,760,5,444,0,3216,0,,
2023,Fichte und Tanne und Douglasie und sonstiges Nadelholz,Staatswald (Bundes- und Landeswald),697,9,10,1,8355,2,272,1,69,1,9404,3
2023,Fichte und Tanne und Douglasie und sonstiges Nadelholz,K�rperschaftswald,632,7,16,0,4652,1,332,8,41,7,5675,4
2023,Fichte und Tanne und Douglasie und sonstiges Nadelholz,Privatwald,1836,9,429,9,12905,8,1045,0,108,8,16326,4
2023,Fichte und Tanne und Douglasie und sonstiges Nadelholz,Insgesamt,3167,5,456,0,25913,1,1649,9,219,6,31406,1
2023,Insgesamt,Staatswald (Bundes- und Landeswald),941,5,19,1,8665,4,761,3,564,7,10951,9,,
2023,Insgesamt,K�rperschaftswald,839,4,31,2,4834,8,929,9,593,1,7228,4,,
2023,Insgesamt,Privatwald,3086,2,678,7,13733,7,2265,8,802,5,20566,9,,
2023,Insgesamt,Insgesamt,4867,1,729,0,27233,9,3956,9,1960,3,38747,3,,
__________,,,,,,,,,,,,,,,,
